Authors,Author(s) ID,Title,Year,Source title,Volume,Issue,Art. No.,Page start,Page end,Page count,Cited by,DOI,Link,Document Type,Publication Stage,Open Access,Source,EID
"Visontay, R., Mewton, L., Sunderland, M., Prior, K., Slade, T.","57195903082;24462333300;56363553500;56242381300;6701447547;","Corrigendum to “Changes over time in young adults’ harmful alcohol consumption: A cross-temporal meta-analysis using the AUDIT” [Drug Alcohol Depend. 214 (2020) 108172] (Drug and Alcohol Dependence (2020) 214, (S0376871620303379), (10.1016/j.drugalcdep.2020.108172))",2021,"Drug and Alcohol Dependence","221",, 108551,"","",,,"10.1016/j.drugalcdep.2021.108551","https://www.scopus.com/inward/record.uri?eid=2-s2.0-85100422849&doi=10.1016%2fj.drugalcdep.2021.108551&partnerID=40&md5=d362bdb69d5f8ac6fa9c2e526f232bc6",Erratum,"Final","All Open Access, Bronze",Scopus,2-s2.0-85100422849
"Forbes, M.K., Sunderland, M., Rapee, R.M., Batterham, P.J., Calear, A.L., Carragher, N., Ruggero, C., Zimmerman, M., Baillie, A.J., Lynch, S.J., Mewton, L., Slade, T., Krueger, R.F.","55206928500;56363553500;7007161151;8848851000;28767584600;24467456900;9268286600;7202495698;8068153800;57217019728;24462333300;6701447547;7101773606;","A Detailed Hierarchical Model of Psychopathology: From Individual Symptoms up to the General Factor of Psychopathology",2021,"Clinical Psychological Science","9","2",,"139","168",,,"10.1177/2167702620954799","https://www.scopus.com/inward/record.uri?eid=2-s2.0-85101213503&doi=10.1177%2f2167702620954799&partnerID=40&md5=3548ff1bdd255e00c809f9cd6e1f0e66",Article,"Final","",Scopus,2-s2.0-85101213503
"Krueger, R.F., Kotov, R., Watson, D., Forbes, M.K., Eaton, N.R., Ruggero, C.J., Simms, L.J., Widiger, T.A., Achenbach, T.M., Bach, B., Bagby, R.M., Bornovalova, M.A., Carpenter, W.T., Chmielewski, M., Cicero, D.C., Clark, L.A., Conway, C., DeClercq, B., DeYoung, C.G., Docherty, A.R., Drislane, L.E., First, M.B., Forbush, K.T., Hallquist, M., Haltigan, J.D., Hopwood, C.J., Ivanova, M.Y., Jonas, K.G., Latzman, R.D., Markon, K.E., Miller, J.D., Morey, L.C., Mullins-Sweatt, S.N., Ormel, J., Patalay, P., Patrick, C.J., Pincus, A.L., Regier, D.A., Reininghaus, U., Rescorla, L.A., Samuel, D.B., Sellbom, M., Shackman, A.J., Skodol, A., Slade, T., South, S.C., Sunderland, M., Tackett, J.L., Venables, N.C., Waldman, I.D., Waszczuk, M.A., Waugh, M.H., Wright, A.G.C., Zald, D.H., Zimmermann, J.","7101773606;6602251661;57220789430;55206928500;57207895426;9268286600;7005647008;7006496985;7004711986;56500100900;57208766670;16634354600;7102658659;56034755600;35195522700;57208765618;7006638709;57203788652;6602855589;22634513500;55523879600;57221411995;57208461176;6701671841;6505573595;9638074800;7202135787;55547176800;15048328200;57216598380;55547139304;7006767528;6504308155;34572659400;55746318400;57221442436;7003344406;7007107197;35796165100;57211840409;57221445866;7801556548;6508331301;7005059348;6701447547;7006765976;56363553500;6602224263;24367487500;57205930580;55802712300;7102196179;57221446669;6701899410;53880947700;","Progress in achieving quantitative classification of psychopathology [Les progrès dans la réalisation de la classification quantitative de la psychopathologie]",2021,"Annales Medico-Psychologiques","179","1",,"95","106",,,"10.1016/j.amp.2020.11.015","https://www.scopus.com/inward/record.uri?eid=2-s2.0-85099144183&doi=10.1016%2fj.amp.2020.11.015&partnerID=40&md5=819218e583c6c1a452ef43e23fd99603",Article,"Final","",Scopus,2-s2.0-85099144183
"Sunderland, M., Afzali, M.H., Forbes, M., Stapinski, L., Baillie, A.","56363553500;57188694592;55206928500;11940573500;8068153800;","Examining differential item functioning of social interaction and performance fears in people with hazardous alcohol consumption and probable alcohol dependence",2020,"Addiction Research and Theory","28","6",,"484","492",,,"10.1080/16066359.2019.1691537","https://www.scopus.com/inward/record.uri?eid=2-s2.0-85075154072&doi=10.1080%2f16066359.2019.1691537&partnerID=40&md5=b1f4f157e6cb24ef41a5cce886ca54a5",Article,"Final","All Open Access, Green",Scopus,2-s2.0-85075154072
"Rogers, A., Obst, S., Teague, S.J., Rossen, L., Spry, E.A., MacDonald, J.A., Sunderland, M., Olsson, C.A., Youssef, G., Hutchinson, D.","57219111687;57219116013;57193269721;57105097800;56465017000;55821188500;56363553500;35517348100;55860800571;16031135200;","Association between Maternal Perinatal Depression and Anxiety and Child and Adolescent Development: A Meta-analysis",2020,"JAMA Pediatrics","174","11",,"1082","1092",,3,"10.1001/jamapediatrics.2020.2910","https://www.scopus.com/inward/record.uri?eid=2-s2.0-85091301964&doi=10.1001%2fjamapediatrics.2020.2910&partnerID=40&md5=ca48302d9777c8247857ab3173c95bed",Article,"Final","",Scopus,2-s2.0-85091301964
"Gulliver, A., Calear, A.L., Sunderland, M., Kay-Lambkin, F., Farrer, L.M., Banfield, M., Batterham, P.J.","24315028300;28767584600;56363553500;7801415936;16303447200;35298659100;8848851000;","Consumer-guided development of an engagement-facilitation intervention for increasing uptake and adherence for self-guided web-based mental health programs: Focus groups and online evaluation survey",2020,"JMIR Formative Research","4","10", e22528,"","",,,"10.2196/22528","https://www.scopus.com/inward/record.uri?eid=2-s2.0-85096837344&doi=10.2196%2f22528&partnerID=40&md5=b9f3eb55cbcb3e51db4e2a13e9c6331c",Review,"Final","All Open Access, Gold",Scopus,2-s2.0-85096837344
"Gardner, L.A., Champion, K.E., Parmenter, B., Grummitt, L., Chapman, C., Sunderland, M., Thornton, L., McBride, N., Newton, N.C.","56625572100;55376177100;36009062800;57210443842;57201180051;56363553500;36497619200;7006091719;7005164365;","Clustering of six key risk behaviors for chronic disease among adolescent females",2020,"International Journal of Environmental Research and Public Health","17","19", 7211,"1","12",,2,"10.3390/ijerph17197211","https://www.scopus.com/inward/record.uri?eid=2-s2.0-85092086448&doi=10.3390%2fijerph17197211&partnerID=40&md5=3ec68af8326cfd480f6b7e90476cbaed",Article,"Final","All Open Access, Gold",Scopus,2-s2.0-85092086448
"Visontay, R., Mewton, L., Sunderland, M., Prior, K., Slade, T.","57195903082;24462333300;56363553500;56242381300;6701447547;","Changes over time in young adults’ harmful alcohol consumption: A cross-temporal meta-analysis using the AUDIT",2020,"Drug and Alcohol Dependence","214",, 108172,"","",,,"10.1016/j.drugalcdep.2020.108172","https://www.scopus.com/inward/record.uri?eid=2-s2.0-85087751637&doi=10.1016%2fj.drugalcdep.2020.108172&partnerID=40&md5=c9e172ea0b801e2d9eaf1f57a202fb17",Article,"Final","",Scopus,2-s2.0-85087751637
"Sunderland, M., Batterham, P.J., Calear, A.L., Carragher, N., Slade, T.","56363553500;8848851000;28767584600;24467456900;6701447547;","The psychometric properties of 30-day versions of the DSM-5 dimensional severity scales for social anxiety disorder and panic disorder",2020,"Psychiatry Research","291",, 113229,"","",,,"10.1016/j.psychres.2020.113229","https://www.scopus.com/inward/record.uri?eid=2-s2.0-85086660867&doi=10.1016%2fj.psychres.2020.113229&partnerID=40&md5=919cf3560cccf64d42e86c8501216fdd",Article,"Final","",Scopus,2-s2.0-85086660867
"Teesson, M., Champion, K.E., Newton, N.C., Kay-Lambkin, F., Chapman, C., Thornton, L., Slade, T., Sunderland, M., Mills, K., Gardner, L.A., Parmenter, B., Lubans, D.R., Hides, L., McBride, N., Allsop, S., Spring, B.J., Smout, S., Osman, B.","7004157315;55376177100;7005164365;7801415936;57201180051;36497619200;6701447547;56363553500;7202875314;56625572100;36009062800;14619480100;8769205000;7006091719;57200765569;7005422536;57218141564;57217064555;","Study protocol of the Health4Life initiative: A cluster randomised controlled trial of an eHealth school-based program targeting multiple lifestyle risk behaviours among young Australians",2020,"BMJ Open","10","7", e035662,"","",,2,"10.1136/bmjopen-2019-035662","https://www.scopus.com/inward/record.uri?eid=2-s2.0-85088046507&doi=10.1136%2fbmjopen-2019-035662&partnerID=40&md5=1fe0663e80846a0dd64f858a8351ecc2",Article,"Final","All Open Access, Gold, Green",Scopus,2-s2.0-85088046507
"Lees, B., Stapinski, L.A., Prior, K., Sunderland, M., Newton, N., Baillie, A., Teesson, M., Mewton, L.","57200648947;11940573500;56242381300;56363553500;7005164365;8068153800;7004157315;24462333300;","Exploring the complex inter-relations between internalising symptoms, executive functioning and alcohol use in young adults",2020,"Addictive Behaviors","106",, 106351,"","",,3,"10.1016/j.addbeh.2020.106351","https://www.scopus.com/inward/record.uri?eid=2-s2.0-85080884292&doi=10.1016%2fj.addbeh.2020.106351&partnerID=40&md5=482b1da01d80574e07a9885c7feef1e7",Article,"Final","",Scopus,2-s2.0-85080884292
"Thornton, L., Osman, B., Wescott, A.B., Sunderland, M., Champion, K., Green, O., Kay-Lambkin, F., Kay-Lambkin, F., Slade, T., Newton, N., Chapman, C., Teesson, M., Mills, K., Birrell, L., Lubans, D., Lubans, D., Van De Ven, P., Torous, J., Parmenter, B., Gardner, L.","36497619200;57217064555;57213174794;56363553500;55376177100;57217063889;7801415936;7801415936;6701447547;7005164365;57201180051;7004157315;7202875314;56079474300;14619480100;14619480100;7005411031;55816955800;36009062800;56625572100;","Measurement properties of smartphone approaches to assess key lifestyle behaviours: Protocol of a systematic review",2020,"Systematic Reviews","9","1", 127,"","",,,"10.1186/s13643-020-01375-w","https://www.scopus.com/inward/record.uri?eid=2-s2.0-85086008439&doi=10.1186%2fs13643-020-01375-w&partnerID=40&md5=5b6eb547306d1948014dde1170239b21",Article,"Final","All Open Access, Gold, Green",Scopus,2-s2.0-85086008439
"Kotov, R., Jonas, K.G., Carpenter, W.T., Dretsch, M.N., Eaton, N.R., Forbes, M.K., Forbush, K.T., Hobbs, K., Reininghaus, U., Slade, T., South, S.C., Sunderland, M., Waszczuk, M.A., Widiger, T.A., Wright, A., Zald, D.H., Krueger, R.F., Watson, D.","6602251661;55547176800;7102658659;36193675300;57207895426;55206928500;57208461176;57193748328;35796165100;6701447547;7006765976;56363553500;55802712300;7006496985;26028213700;6701899410;7101773606;57220789430;","Validity and utility of Hierarchical Taxonomy of Psychopathology (HiTOP): I. Psychosis superspectrum",2020,"World Psychiatry","19","2",,"151","172",,6,"10.1002/wps.20730","https://www.scopus.com/inward/record.uri?eid=2-s2.0-85084479932&doi=10.1002%2fwps.20730&partnerID=40&md5=f67e535bd7a65045dd5c62615cfad95f",Article,"Final","All Open Access, Bronze, Green",Scopus,2-s2.0-85084479932
"Sunderland, M., Afzali, M.H., Batterham, P.J., Calear, A.L., Carragher, N., Hobbs, M., Mahoney, A., Peters, L., Slade, T.","56363553500;57188694592;8848851000;28767584600;24467456900;35483913400;7005550402;7202838402;6701447547;","Comparing Scores From Full Length, Short Form, and Adaptive Tests of the Social Interaction Anxiety and Social Phobia Scales",2020,"Assessment","27","3",,"518","532",,1,"10.1177/1073191119832657","https://www.scopus.com/inward/record.uri?eid=2-s2.0-85063032059&doi=10.1177%2f1073191119832657&partnerID=40&md5=05e28bb22d91327caa4011939ce782fa",Article,"Final","",Scopus,2-s2.0-85063032059
"Calear, A.L., Batterham, P.J., Sunderland, M., Carragher, N.","28767584600;8848851000;56363553500;24467456900;","Development and Validation of Static and Adaptive Screeners to Assess Suicidal Thoughts and Behavior",2020,"Suicide and Life-Threatening Behavior","50","1",,"189","200",,,"10.1111/sltb.12577","https://www.scopus.com/inward/record.uri?eid=2-s2.0-85069914687&doi=10.1111%2fsltb.12577&partnerID=40&md5=8e71977165aef0a6521a4c6d8e733cfc",Article,"Final","",Scopus,2-s2.0-85069914687
"Sellbom, M., Carragher, N., Sunderland, M., Calear, A.L., Batterham, P.J.","7801556548;24467456900;56363553500;28767584600;8848851000;","The role of maladaptive personality domains across multiple levels of the HiTOP structure",2020,"Personality and Mental Health","14","1",,"30","50",,2,"10.1002/pmh.1461","https://www.scopus.com/inward/record.uri?eid=2-s2.0-85070248203&doi=10.1002%2fpmh.1461&partnerID=40&md5=9e067884dcc42857ac07e0c070865e70",Article,"Final","",Scopus,2-s2.0-85070248203
"Lynch, S.J., Sunderland, M., Newton, N.C., Chapman, C.","57217019728;56363553500;7005164365;57201180051;","Transdiagnostic risk and protective factors for psychopathology in young people: Systematic review protocol",2020,"JMIR Research Protocols","9","8", e19779,"","",,,"10.2196/19779","https://www.scopus.com/inward/record.uri?eid=2-s2.0-85091416463&doi=10.2196%2f19779&partnerID=40&md5=642474a542707b3d380a396a4b802dba",Review,"Final","All Open Access, Gold, Green",Scopus,2-s2.0-85091416463
"Lawler, S.M., Stapinski, L.A., Barrett, E.L., Newton, N.C., Sunderland, M., Slade, T., Teesson, M.","57195962806;11940573500;37015128900;7005164365;56363553500;6701447547;7004157315;","Is Adolescent Alcohol Use Linked to Spikes in Aggressive Behaviour? A Growth Curve Analysis",2020,"Prevention Science",,,,"","",,,"10.1007/s11121-020-01188-2","https://www.scopus.com/inward/record.uri?eid=2-s2.0-85096528640&doi=10.1007%2fs11121-020-01188-2&partnerID=40&md5=3c1616e912612da1e59e31b0dd517b86",Article,"Article in Press","",Scopus,2-s2.0-85096528640
"Lees, B., Squeglia, L.M., McTeague, L.M., Forbes, M.K., Krueger, R.F., Sunderland, M., Baillie, A.J., Koch, F., Teesson, M., Mewton, L.","57200648947;26326536100;6506589432;55206928500;7101773606;56363553500;8068153800;57210264822;7004157315;24462333300;","Altered Neurocognitive Functional Connectivity and Activation Patterns Underlie Psychopathology in Preadolescence",2020,"Biological Psychiatry: Cognitive Neuroscience and Neuroimaging",,,,"","",,2,"10.1016/j.bpsc.2020.09.007","https://www.scopus.com/inward/record.uri?eid=2-s2.0-85096581205&doi=10.1016%2fj.bpsc.2020.09.007&partnerID=40&md5=3239bbd377b3fe3877aa75620437fafc",Article,"Article in Press","",Scopus,2-s2.0-85096581205
"Sunderland, M., Forbes, M.K., Mewton, L., Baillie, A., Carragher, N., Lynch, S.J., Batterham, P.J., Calear, A.L., Chapman, C., Newton, N.C., Teesson, M., Slade, T.","56363553500;55206928500;24462333300;8068153800;24467456900;57217019728;8848851000;28767584600;57201180051;7005164365;7004157315;6701447547;","The structure of psychopathology and association with poor sleep, self-harm, suicidality, risky sexual behavior, and low self-esteem in a population sample of adolescents",2020,"Development and Psychopathology",,,,"","",,1,"10.1017/S0954579420000437","https://www.scopus.com/inward/record.uri?eid=2-s2.0-85085748537&doi=10.1017%2fS0954579420000437&partnerID=40&md5=c7eef6822b4734d125451eed07935e04",Article,"Article in Press","All Open Access, Green",Scopus,2-s2.0-85085748537
"Sunderland, M., Champion, K., Slade, T., Chapman, C., Newton, N., Thornton, L., Kay-Lambkin, F., McBride, N., Allsop, S., Parmenter, B., Teesson, M., Mills, K., Hides, L., Stapinski, L., Barrett, E.L., Mewton, L., Gardner, L.A.","56363553500;55376177100;6701447547;57201180051;7005164365;36497619200;7801415936;7006091719;57200765569;36009062800;7004157315;7202875314;8769205000;11940573500;37015128900;24462333300;56625572100;","Age-varying associations between lifestyle risk factors and major depressive disorder: a nationally representative cross-sectional study of adolescents",2020,"Social Psychiatry and Psychiatric Epidemiology",,,,"","",,,"10.1007/s00127-020-01888-8","https://www.scopus.com/inward/record.uri?eid=2-s2.0-85085397434&doi=10.1007%2fs00127-020-01888-8&partnerID=40&md5=824002cc7c50648daeaad6b7a62b58d1",Article,"Article in Press","",Scopus,2-s2.0-85085397434
"Ma, J., Batterham, P.J., Calear, A.L., Sunderland, M.","56555443200;8848851000;28767584600;56363553500;","The Development and Validation of the Thwarted Belongingness Scale (TBS) for Interpersonal Suicide Risk",2019,"Journal of Psychopathology and Behavioral Assessment","41","3",,"456","469",,5,"10.1007/s10862-019-09721-6","https://www.scopus.com/inward/record.uri?eid=2-s2.0-85061286573&doi=10.1007%2fs10862-019-09721-6&partnerID=40&md5=4a2e572d4e5ab3c62ae82b62d2fdd355",Article,"Final","All Open Access, Hybrid Gold, Green",Scopus,2-s2.0-85061286573
"Sunderland, M., Batterham, P., Carragher, N., Calear, A., Slade, T.","56363553500;8848851000;24467456900;28767584600;6701447547;","Developing and Validating a Computerized Adaptive Test to Measure Broad and Specific Factors of Internalizing in a Community Sample",2019,"Assessment","26","6",,"1030","1045",,6,"10.1177/1073191117707817","https://www.scopus.com/inward/record.uri?eid=2-s2.0-85041568746&doi=10.1177%2f1073191117707817&partnerID=40&md5=95d06878fb11a6b752bc53f7653679ef",Article,"Final","",Scopus,2-s2.0-85041568746
"Champion, K.E., Parmenter, B., McGowan, C., Spring, B., Wafford, Q.E., Gardner, L.A., Thornton, L., McBride, N., Barrett, E.L., Teesson, M., Newton, N.C., Chapman, C., Slade, T., Sunderland, M., Bauer, J., Allsop, S., Hides, L., Stapinksi, L., Birrell, L., Mewton, L.","55376177100;36009062800;57210709498;7005422536;57221246276;56625572100;36497619200;7006091719;37015128900;7004157315;7005164365;57201180051;6701447547;56363553500;7402814749;57200765569;8769205000;57210863106;56079474300;24462333300;","Effectiveness of school-based eHealth interventions to prevent multiple lifestyle risk behaviours among adolescents: a systematic review and meta-analysis",2019,"The Lancet Digital Health","1","5",,"e206","e221",,15,"10.1016/S2589-7500(19)30088-3","https://www.scopus.com/inward/record.uri?eid=2-s2.0-85071731923&doi=10.1016%2fS2589-7500%2819%2930088-3&partnerID=40&md5=35ae8751bcc0d45940ac47341bb22209",Article,"Final","All Open Access, Gold",Scopus,2-s2.0-85071731923
"McCallum, S.M., Batterham, P.J., Calear, A.L., Sunderland, M., Carragher, N., Kazan, D.","54583860400;8848851000;28767584600;56363553500;24467456900;56955326200;","Associations of fatigue and sleep disturbance with nine common mental disorders",2019,"Journal of Psychosomatic Research","123",, 109727,"","",,1,"10.1016/j.jpsychores.2019.05.005","https://www.scopus.com/inward/record.uri?eid=2-s2.0-85066090334&doi=10.1016%2fj.jpsychores.2019.05.005&partnerID=40&md5=dafef418fd100ae3a26ed20f5c246dda",Article,"Final","",Scopus,2-s2.0-85066090334
"Conway, C.C., Forbes, M.K., Forbush, K.T., Fried, E.I., Hallquist, M.N., Kotov, R., Mullins-Sweatt, S.N., Shackman, A.J., Skodol, A.E., South, S.C., Sunderland, M., Waszczuk, M.A., Zald, D.H., Afzali, M.H., Bornovalova, M.A., Carragher, N., Docherty, A.R., Jonas, K.G., Krueger, R.F., Patalay, P., Pincus, A.L., Tackett, J.L., Reininghaus, U., Waldman, I.D., Wright, A.G.C., Zimmermann, J., Bach, B., Bagby, R.M., Chmielewski, M., Cicero, D.C., Clark, L.A., Dalgleish, T., DeYoung, C.G., Hopwood, C.J., Ivanova, M.Y., Latzman, R.D., Patrick, C.J., Ruggero, C.J., Samuel, D.B., Watson, D., Eaton, N.R.","7006638709;55206928500;57208461176;55939435800;6701671841;6602251661;6504308155;6508331301;7005059348;7006765976;56363553500;55802712300;6701899410;57188694592;16634354600;24467456900;22634513500;55547176800;7101773606;55746318400;7003344406;6602224263;35796165100;57205930580;26028213700;53880947700;56500100900;7006079074;56034755600;35195522700;7402667481;7003768363;6602855589;9638074800;7202135787;15048328200;7103107051;9268286600;57203174550;7402905813;57207895426;","A Hierarchical Taxonomy of Psychopathology Can Transform Mental Health Research",2019,"Perspectives on Psychological Science","14","3",,"419","436",,70,"10.1177/1745691618810696","https://www.scopus.com/inward/record.uri?eid=2-s2.0-85062726633&doi=10.1177%2f1745691618810696&partnerID=40&md5=6c02b5192679c94997e66de3a82f0e65",Article,"Final","All Open Access, Green",Scopus,2-s2.0-85062726633
"Visontay, R., Sunderland, M., Grisham, J., Slade, T.","57195903082;56363553500;7004886926;6701447547;","Content overlap between youth OCD scales: Heterogeneity among symptoms probed and implications",2019,"Journal of Obsessive-Compulsive and Related Disorders","21",,,"6","12",,1,"10.1016/j.jocrd.2018.10.005","https://www.scopus.com/inward/record.uri?eid=2-s2.0-85057241328&doi=10.1016%2fj.jocrd.2018.10.005&partnerID=40&md5=0956b7a33eb26b9723e75894e85cd280",Article,"Final","",Scopus,2-s2.0-85057241328
"Afzali, M.H., Sunderland, M., Stewart, S., Masse, B., Seguin, J., Newton, N., Teesson, M., Conrod, P.","57188694592;56363553500;7401747025;7003623666;7103084114;7005164365;7004157315;6602979252;","Machine-learning prediction of adolescent alcohol use: a cross-study, cross-cultural validation",2019,"Addiction","114","4",,"662","671",,13,"10.1111/add.14504","https://www.scopus.com/inward/record.uri?eid=2-s2.0-85059078426&doi=10.1111%2fadd.14504&partnerID=40&md5=2b9cc556885ac2cfaee39df19ad1fe47",Article,"Final","",Scopus,2-s2.0-85059078426
"Batterham, P.J., Sunderland, M., Carragher, N., Calear, A.L.","8848851000;56363553500;24467456900;28767584600;","Psychometric Properties of 7- and 30-Day Versions of the PROMIS Emotional Distress Item Banks in an Australian Adult Sample",2019,"Assessment","26","2",,"249","259",,7,"10.1177/1073191116685809","https://www.scopus.com/inward/record.uri?eid=2-s2.0-85037532660&doi=10.1177%2f1073191116685809&partnerID=40&md5=f85c92ecf874f5a1882563c029a4cfd8",Article,"Final","",Scopus,2-s2.0-85037532660
"Batterham, P.J., Calear, A.L., Sunderland, M., Kay-Lambkin, F., Farrer, L.M., Gulliver, A.","8848851000;28767584600;56363553500;7801415936;16303447200;24315028300;","A brief intervention to increase uptake and adherence of an online program for depression and anxiety: Protocol for the Enhancing Engagement with Psychosocial Interventions (EEPI) Randomized Controlled Trial",2019,"Contemporary Clinical Trials","78",,,"107","115",,2,"10.1016/j.cct.2019.01.015","https://www.scopus.com/inward/record.uri?eid=2-s2.0-85061042084&doi=10.1016%2fj.cct.2019.01.015&partnerID=40&md5=9b32da0a7a0f6407cbb7271556b614b8",Article,"Final","All Open Access, Green",Scopus,2-s2.0-85061042084
"Mewton, L., Champion, K., Kay-Lambkin, F., Sunderland, M., Thornton, L., Teesson, M.","24462333300;55376177100;7801415936;56363553500;36497619200;7004157315;","Lifestyle risk indices in adolescence and their relationships to adolescent disease burden: Findings from an Australian national survey",2019,"BMC Public Health","19","1", 60,"","",,2,"10.1186/s12889-019-6396-y","https://www.scopus.com/inward/record.uri?eid=2-s2.0-85059930160&doi=10.1186%2fs12889-019-6396-y&partnerID=40&md5=703d979655e6d211d4427338ce6bf8af",Review,"Final","All Open Access, Gold, Green",Scopus,2-s2.0-85059930160
"Ritter, A., Mellor, R., Chalmers, J., Sunderland, M., Lancaster, K.","57219658609;57205554341;30367561900;56363553500;40461526900;","Key Considerations in Planning for Substance Use Treatment: Estimating Treatment Need and Demand",2019,"Journal of studies on alcohol and drugs. Supplement",,,,"22","30",,10,,"https://www.scopus.com/inward/record.uri?eid=2-s2.0-85060551130&partnerID=40&md5=20b3825f38afa2cbcde953881ab75696",Review,"Final","",Scopus,2-s2.0-85060551130
"Mccallum, S.M., Batterham, P.J., Calear, A.L., Sunderland, M., Carragher, N.","54583860400;8848851000;28767584600;56363553500;24467456900;","Reductions in quality of life and increased economic burden associated with mental disorders in an Australian adult sample",2019,"Australian Health Review","43","6",,"644","652",,4,"10.1071/AH16276","https://www.scopus.com/inward/record.uri?eid=2-s2.0-85056730194&doi=10.1071%2fAH16276&partnerID=40&md5=c5089eb6ae9286f1c4fdb7514aa1dc34",Article,"Final","All Open Access, Hybrid Gold",Scopus,2-s2.0-85056730194
"Marel, C., Sunderland, M., Mills, K.L., Slade, T., Teesson, M., Chapman, C.","36675229000;56363553500;7202875314;6701447547;7004157315;57201180051;","Conditional probabilities of substance use disorders and associated risk factors: Progression from first use to use disorder on alcohol, cannabis, stimulants, sedatives and opioids",2019,"Drug and Alcohol Dependence","194",,,"136","142",,23,"10.1016/j.drugalcdep.2018.10.010","https://www.scopus.com/inward/record.uri?eid=2-s2.0-85056242332&doi=10.1016%2fj.drugalcdep.2018.10.010&partnerID=40&md5=aefaf69cd742aae905ebd3193c4e57ad",Article,"Final","All Open Access, Hybrid Gold",Scopus,2-s2.0-85056242332
"Batterham, P.J., Calear, A.L., Christensen, H., Carragher, N., Sunderland, M.","8848851000;28767584600;7401664450;24467456900;56363553500;","Independent Effects of Mental Disorders on Suicidal Behavior in the Community",2018,"Suicide and Life-Threatening Behavior","48","5",,"512","521",,18,"10.1111/sltb.12379","https://www.scopus.com/inward/record.uri?eid=2-s2.0-85027098303&doi=10.1111%2fsltb.12379&partnerID=40&md5=916eadca4a269b7e7e7dd3e808fbda86",Article,"Final","",Scopus,2-s2.0-85027098303
"Krueger, R.F., Kotov, R., Watson, D., Forbes, M.K., Eaton, N.R., Ruggero, C.J., Simms, L.J., Widiger, T.A., Achenbach, T.M., Bach, B., Bagby, R.M., Bornovalova, M.A., Carpenter, W.T., Chmielewski, M., Cicero, D.C., Clark, L.A., Conway, C., DeClercq, B., DeYoung, C.G., Docherty, A.R., Drislane, L.E., First, M.B., Forbush, K.T., Hallquist, M., Haltigan, J.D., Hopwood, C.J., Ivanova, M.Y., Jonas, K.G., Latzman, R.D., Markon, K.E., Miller, J.D., Morey, L.C., Mullins-Sweatt, S.N., Ormel, J., Patalay, P., Patrick, C.J., Pincus, A.L., Regier, D.A., Reininghaus, U., Rescorla, L.A., Samuel, D.B., Sellbom, M., Shackman, A.J., Skodol, A., Slade, T., South, S.C., Sunderland, M., Tackett, J.L., Venables, N.C., Waldman, I.D., Waszczuk, M.A., Waugh, M.H., Wright, A.G.C., Zald, D.H., Zimmermann, J.","7101773606;6602251661;7402905813;55206928500;57207895426;9268286600;7005647008;7006496985;7004711986;56500100900;7006079074;16634354600;7102658659;56034755600;35195522700;7402667481;7006638709;57203788652;6602855589;22634513500;55523879600;7102648764;57208461176;6701671841;6505573595;9638074800;7202135787;55547176800;15048328200;57216598380;55547139304;7006767528;6504308155;34572659400;55746318400;7103107051;7003344406;57203174678;35796165100;57211840409;57203174550;7801556548;6508331301;7005059348;6701447547;7006765976;56363553500;6602224263;24367487500;57205930580;55802712300;7102196179;26028213700;6701899410;53880947700;","Progress in achieving quantitative classification of psychopathology",2018,"World Psychiatry","17","3",,"282","293",,131,"10.1002/wps.20566","https://www.scopus.com/inward/record.uri?eid=2-s2.0-85052366059&doi=10.1002%2fwps.20566&partnerID=40&md5=e9f217b8ba2e15291e45976bf60e6d60",Review,"Final","All Open Access, Bronze, Green",Scopus,2-s2.0-85052366059
"Sunderland, M., Batterham, P., Calear, A., Carragher, N.","56363553500;8848851000;28767584600;24467456900;","Validity of the PROMIS depression and anxiety common metrics in an online sample of Australian adults",2018,"Quality of Life Research","27","9",,"2453","2458",,4,"10.1007/s11136-018-1905-5","https://www.scopus.com/inward/record.uri?eid=2-s2.0-85048049175&doi=10.1007%2fs11136-018-1905-5&partnerID=40&md5=cac56c9d068e5fd6a00bb1f6b3f89694",Article,"Final","",Scopus,2-s2.0-85048049175
"Sunderland, M., Batterham, P., Calear, A., Carragher, N., Baillie, A., Slade, T.","56363553500;8848851000;28767584600;24467456900;8068153800;6701447547;","High agreement was obtained across scores from multiple equated scales for social anxiety disorder using item response theory",2018,"Journal of Clinical Epidemiology","99",,,"132","143",,2,"10.1016/j.jclinepi.2018.04.003","https://www.scopus.com/inward/record.uri?eid=2-s2.0-85046114961&doi=10.1016%2fj.jclinepi.2018.04.003&partnerID=40&md5=320ec5ed52c283b7a4463bcc117bd940",Article,"Final","",Scopus,2-s2.0-85046114961
"Batterham, P.J., Sunderland, M., Slade, T., Calear, A.L., Carragher, N.","8848851000;56363553500;6701447547;28767584600;24467456900;","Assessing distress in the community: Psychometric properties and crosswalk comparison of eight measures of psychological distress",2018,"Psychological Medicine","48","8",,"1316","1324",,22,"10.1017/S0033291717002835","https://www.scopus.com/inward/record.uri?eid=2-s2.0-85030866797&doi=10.1017%2fS0033291717002835&partnerID=40&md5=d090eff58e69a3230d192ea786dc5894",Article,"Final","",Scopus,2-s2.0-85030866797
"Afzali, M.H., Sunderland, M., Carragher, N., Conrod, P.","57188694592;56363553500;24467456900;6602979252;","The Structure of Psychopathology in Early Adolescence: Study of a Canadian Sample: La structure de la psychopathologie au début de l’adolescence: étude d’un échantillon canadien",2018,"Canadian Journal of Psychiatry","63","4",,"223","230",,6,"10.1177/0706743717737032","https://www.scopus.com/inward/record.uri?eid=2-s2.0-85043343034&doi=10.1177%2f0706743717737032&partnerID=40&md5=1a430f95089034856a144b35d9e266a5",Article,"Final","All Open Access, Bronze, Green",Scopus,2-s2.0-85043343034
"Batterham, P.J., Calear, A.L., Carragher, N., Sunderland, M.","8848851000;28767584600;24467456900;56363553500;","Prevalence and predictors of distress associated with completion of an online survey assessing mental health and suicidality in the community",2018,"Psychiatry Research","262",,,"348","350",,4,"10.1016/j.psychres.2017.08.048","https://www.scopus.com/inward/record.uri?eid=2-s2.0-85028307525&doi=10.1016%2fj.psychres.2017.08.048&partnerID=40&md5=83c6780b9b477b56f4b1482204acf528",Article,"Final","",Scopus,2-s2.0-85028307525
"Sunderland, M., Batterham, P.J., Calear, A.L., Carragher, N.","56363553500;8848851000;28767584600;24467456900;","The development and validation of static and adaptive screeners to measure the severity of panic disorder, social anxiety disorder, and obsessive compulsive disorder",2017,"International Journal of Methods in Psychiatric Research","26","4", e1561,"","",,6,"10.1002/mpr.1561","https://www.scopus.com/inward/record.uri?eid=2-s2.0-85037052166&doi=10.1002%2fmpr.1561&partnerID=40&md5=e9f4da561deea68a7379bc716188583f",Article,"Final","All Open Access, Bronze, Green",Scopus,2-s2.0-85037052166
"Werner-Seidler, A., Afzali, M.H., Chapman, C., Sunderland, M., Slade, T.","22952586300;57188694592;57201180051;56363553500;6701447547;","The relationship between social support networks and depression in the 2007 National Survey of Mental Health and Well-being",2017,"Social Psychiatry and Psychiatric Epidemiology","52","12",,"1463","1473",,36,"10.1007/s00127-017-1440-7","https://www.scopus.com/inward/record.uri?eid=2-s2.0-85029001260&doi=10.1007%2fs00127-017-1440-7&partnerID=40&md5=611cc20ada4ec7285d310384a3603872",Article,"Final","",Scopus,2-s2.0-85029001260
"Afzali, M.H., Sunderland, M., Batterham, P.J., Carragher, N., Slade, T.","57188694592;56363553500;8848851000;24467456900;6701447547;","Trauma characteristics, post-traumatic symptoms, psychiatric disorders and suicidal behaviours: Results from the 2007 Australian National Survey of Mental Health and Wellbeing",2017,"Australian and New Zealand Journal of Psychiatry","51","11",,"1142","1151",,9,"10.1177/0004867416683815","https://www.scopus.com/inward/record.uri?eid=2-s2.0-85032729122&doi=10.1177%2f0004867416683815&partnerID=40&md5=f5d1dfaf4987ca3a4d25f2d42710251b",Article,"Final","",Scopus,2-s2.0-85032729122
"Forbes, M.K., Crome, E., Sunderland, M., Wuthrich, V.M.","55206928500;36604145600;56363553500;8271092700;","Perceived needs for mental health care and barriers to treatment across age groups",2017,"Aging and Mental Health","21","10",,"1072","1078",,13,"10.1080/13607863.2016.1193121","https://www.scopus.com/inward/record.uri?eid=2-s2.0-84976273963&doi=10.1080%2f13607863.2016.1193121&partnerID=40&md5=94f7dcd7c0dce78ba4d03f7c24d3da3c",Article,"Final","",Scopus,2-s2.0-84976273963
"van de Pavert, I., Sunderland, M., Luijten, M., Slade, T., Teesson, M.","57195149813;56363553500;36117073000;6701447547;7004157315;","The general relationship between internalizing psychopathology and chronic physical health conditions: a population-based study",2017,"Social Psychiatry and Psychiatric Epidemiology","52","10",,"1257","1265",,5,"10.1007/s00127-017-1422-9","https://www.scopus.com/inward/record.uri?eid=2-s2.0-85025810820&doi=10.1007%2fs00127-017-1422-9&partnerID=40&md5=0bc07515e21b371a211a7830fbbbbf85",Article,"Final","",Scopus,2-s2.0-85025810820
"Sunderland, M., Slade, T., Krueger, R.F., Markon, K.E., Patrick, C.J., Kramer, M.D.","56363553500;6701447547;7101773606;57216598380;7103107051;21834404500;","Efficiently measuring dimensions of the externalizing spectrum model: Development of the externalizing spectrum inventory-computerized adaptive test (ESI-CAT)",2017,"Psychological Assessment","29","7",,"868","880",,7,"10.1037/pas0000384","https://www.scopus.com/inward/record.uri?eid=2-s2.0-84995458913&doi=10.1037%2fpas0000384&partnerID=40&md5=aeacaa111aeb8afead001e584c1ca02f",Article,"Final","",Scopus,2-s2.0-84995458913
"Afzali, M.H., Sunderland, M., Batterham, P.J., Carragher, N., Calear, A., Slade, T.","57188694592;56363553500;8848851000;24467456900;28767584600;6701447547;","Network approach to the symptom-level association between alcohol use disorder and posttraumatic stress disorder",2017,"Social Psychiatry and Psychiatric Epidemiology","52","3",,"329","339",,20,"10.1007/s00127-016-1331-3","https://www.scopus.com/inward/record.uri?eid=2-s2.0-85007154886&doi=10.1007%2fs00127-016-1331-3&partnerID=40&md5=5db1950c5b58bb054e0f2600d36dd852",Article,"Final","",Scopus,2-s2.0-85007154886
"Afzali, M.H., Sunderland, M., Teesson, M., Carragher, N., Mills, K., Slade, T.","57188694592;56363553500;7004157315;24467456900;7202875314;6701447547;","A network approach to the comorbidity between posttraumatic stress disorder and major depressive disorder: The role of overlapping symptoms",2017,"Journal of Affective Disorders","208",,,"490","496",,63,"10.1016/j.jad.2016.10.037","https://www.scopus.com/inward/record.uri?eid=2-s2.0-85003443600&doi=10.1016%2fj.jad.2016.10.037&partnerID=40&md5=667dc7345bea476b72cf03c62ea0b4da",Article,"Final","",Scopus,2-s2.0-85003443600
"Sunderland, M., Crome, E., Stapinski, L., Baillie, A.J., Rapee, R.M.","56363553500;36604145600;11940573500;8068153800;7007161151;","From Fear to Avoidance: Factors Associated with the Onset of Avoidance in People who Fear Social Situations",2016,"Journal of Experimental Psychopathology","7","4",,"534","548",,2,"10.5127/jep.055216","https://www.scopus.com/inward/record.uri?eid=2-s2.0-85046145668&doi=10.5127%2fjep.055216&partnerID=40&md5=7a1ef978b15e159a539855531023d9f7",Article,"Final","All Open Access, Bronze",Scopus,2-s2.0-85046145668
"Mahoney, A.E.J., Hobbs, M.J., Newby, J.M., Williams, A.D., Sunderland, M., Andrews, G.","7005550402;35483913400;36904822100;16231970900;56363553500;7202160748;","The Worry Behaviors Inventory: Assessing the behavioral avoidance associated with generalized anxiety disorder",2016,"Journal of Affective Disorders","203",,,"256","264",,22,"10.1016/j.jad.2016.06.020","https://www.scopus.com/inward/record.uri?eid=2-s2.0-84974834789&doi=10.1016%2fj.jad.2016.06.020&partnerID=40&md5=9cf9839b5d4ac2281dee5029be5d0db2",Article,"Final","",Scopus,2-s2.0-84974834789
"Batterham, P.J., Sunderland, M., Carragher, N., Calear, A.L.","8848851000;56363553500;24467456900;28767584600;","Development and community-based validation of eight item banks to assess mental health",2016,"Psychiatry Research","243",,,"453","462",,10,"10.1016/j.psychres.2016.07.011","https://www.scopus.com/inward/record.uri?eid=2-s2.0-84982796368&doi=10.1016%2fj.psychres.2016.07.011&partnerID=40&md5=b665ff5315d826c776f728c202979d21",Article,"Final","",Scopus,2-s2.0-84982796368
"Carragher, N., Teesson, M., Sunderland, M., Newton, N.C., Krueger, R.F., Conrod, P.J., Barrett, E.L., Champion, K.E., Nair, N.K., Slade, T.","24467456900;7004157315;56363553500;7005164365;7101773606;6602979252;37015128900;55376177100;56893202000;6701447547;","The structure of adolescent psychopathology: A symptom-level analysis",2016,"Psychological Medicine","46","5",,"981","994",,53,"10.1017/S0033291715002470","https://www.scopus.com/inward/record.uri?eid=2-s2.0-84978742640&doi=10.1017%2fS0033291715002470&partnerID=40&md5=4295896c19f5713b85e049a06f2975b8",Article,"Final","",Scopus,2-s2.0-84978742640
"Sunderland, M., Carragher, N., Chapman, C., Mills, K., Teesson, M., Lockwood, E., Forbes, D., Slade, T.","56363553500;24467456900;57201180051;7202875314;7004157315;36611929500;7202262385;6701447547;","The shared and specific relationships between exposure to potentially traumatic events and transdiagnostic dimensions of psychopathology",2016,"Journal of Anxiety Disorders","38",,,"102","109",,10,"10.1016/j.janxdis.2016.02.001","https://www.scopus.com/inward/record.uri?eid=2-s2.0-84957811213&doi=10.1016%2fj.janxdis.2016.02.001&partnerID=40&md5=f766ec7893d2403d6d7383926b706f57",Article,"Final","",Scopus,2-s2.0-84957811213
"Carragher, N., Sunderland, M., Batterham, P.J., Calear, A.L., Elhai, J.D., Chapman, C., Mills, K.","24467456900;56363553500;8848851000;28767584600;7003678279;57201180051;7202875314;","Discriminant validity and gender differences in DSM-5 posttraumatic stress disorder symptoms",2016,"Journal of Affective Disorders","190",,,"56","67",,41,"10.1016/j.jad.2015.09.071","https://www.scopus.com/inward/record.uri?eid=2-s2.0-84944789815&doi=10.1016%2fj.jad.2015.09.071&partnerID=40&md5=28b02b667291d8d4a05180eedc7a33d2",Article,"Final","",Scopus,2-s2.0-84944789815
"Batterham, P.J., Calear, A.L., Sunderland, M., Carragher, N., Brewer, J.L.","8848851000;28767584600;56363553500;24467456900;16068083000;","Online screening and feedback to increase help-seeking for mental health problems: Population-based randomised controlled trial",2016,"BJPsych Open","2","1",,"67","73",,20,"10.1192/bjpo.bp.115.001552","https://www.scopus.com/inward/record.uri?eid=2-s2.0-85014332934&doi=10.1192%2fbjpo.bp.115.001552&partnerID=40&md5=a426b879b9aa8b05d0cd018fe676fb7c",Article,"Final","All Open Access, Gold, Green",Scopus,2-s2.0-85014332934
"Batterham, P.J., Sunderland, M., Carragher, N., Calear, A.L., Mackinnon, A.J., Slade, T.","8848851000;56363553500;24467456900;28767584600;7101756037;6701447547;","The Distress Questionnaire-5: Population screener for psychological distress was more accurate than the K6/K10",2016,"Journal of Clinical Epidemiology","71",,,"35","42",,35,"10.1016/j.jclinepi.2015.10.005","https://www.scopus.com/inward/record.uri?eid=2-s2.0-84975747584&doi=10.1016%2fj.jclinepi.2015.10.005&partnerID=40&md5=c4c88897ff73503bd1dd9dd98e1fa799",Article,"Final","",Scopus,2-s2.0-84975747584
"Batterham, P.J., Sunderland, M., Calear, A.L., Davey, C.G., Christensen, H., Teesson, M., Kay-Lambkin, F., Andrews, G., Mitchell, P.B., Herrman, H., Butow, P.N., Krouskos, D.","8848851000;56363553500;28767584600;23008269000;7401664450;7004157315;7801415936;7202160748;35354747000;7006335490;7006662344;6508128048;","Developing a roadmap for the translation of e-mental health services for depression",2015,"Australian and New Zealand Journal of Psychiatry","49","9",,"776","784",,30,"10.1177/0004867415582054","https://www.scopus.com/inward/record.uri?eid=2-s2.0-84964545784&doi=10.1177%2f0004867415582054&partnerID=40&md5=4b838013e277a92edba813d057e08b1b",Review,"Final","",Scopus,2-s2.0-84964545784
"Sunderland, M., Slade, T.","56363553500;6701447547;","The relationship between internalizing psychopathology and suicidality, treatment seeking, and disability in the Australian population",2015,"Journal of Affective Disorders","171",,,"6","12",,16,"10.1016/j.jad.2014.09.012","https://www.scopus.com/inward/record.uri?eid=2-s2.0-84907539047&doi=10.1016%2fj.jad.2014.09.012&partnerID=40&md5=ff4e356a8a053b0c297e5a6476ea7a51",Article,"Final","",Scopus,2-s2.0-84907539047
"Lampe, L., Sunderland, M.","25225644900;56363553500;","Social phobia and avoidant personality disorder: Similar but different?",2015,"Journal of Personality Disorders","29","1",,"115","130",,15,"10.1521/pedi_2013_27_079","https://www.scopus.com/inward/record.uri?eid=2-s2.0-84925581053&doi=10.1521%2fpedi_2013_27_079&partnerID=40&md5=37f954d6d41870efaf26df73c4a5ae73",Article,"Final","",Scopus,2-s2.0-84925581053
"Sunderland, M., Slade, T., Krueger, R.F.","56363553500;6701447547;7101773606;","Examining the shared and unique relationships among substance use and mental disorders",2015,"Psychological Medicine","45","5",,"1103","1113",,5,"10.1017/S0033291714002219","https://www.scopus.com/inward/record.uri?eid=2-s2.0-84924662579&doi=10.1017%2fS0033291714002219&partnerID=40&md5=b394d2051fec71edb71f5a8f0744c7cc",Article,"Final","",Scopus,2-s2.0-84924662579
"Sunderland, M., Anderson, T.M., Sachdev, P.S., Titov, N., Andrews, G.","56363553500;14017595300;7102284091;57208160990;7202160748;","Lifetime and current prevalence of common DSM-IV mental disorders, their demographic correlates, and association with service utilisation and disability in older Australian adults",2015,"Australian and New Zealand Journal of Psychiatry","49","2",,"145","155",,16,"10.1177/0004867414538674","https://www.scopus.com/inward/record.uri?eid=2-s2.0-84921381391&doi=10.1177%2f0004867414538674&partnerID=40&md5=7d43d17d2bd83883d60e468dd8c69985",Article,"Final","All Open Access, Green",Scopus,2-s2.0-84921381391
"Buchan, H., Sunderland, M., Carragher, N., Louie, E., Batterham, P.J., Slade, T.","57192363537;56363553500;24467456900;57031616800;8848851000;6701447547;","Investigating factors that bias the reporting of depression symptomatology among older australian adults",2015,"American Journal of Geriatric Psychiatry","23","10",,"1046","1055",,1,"10.1016/j.jagp.2015.04.003","https://www.scopus.com/inward/record.uri?eid=2-s2.0-84952645198&doi=10.1016%2fj.jagp.2015.04.003&partnerID=40&md5=4e31f4849a26b336be3d54136a653aea",Article,"Final","",Scopus,2-s2.0-84952645198
"Batterham, P.J., Brewer, J.L., Tjhin, A., Sunderland, M., Carragher, N., Calear, A.L.","8848851000;16068083000;56611888100;56363553500;24467456900;28767584600;","Systematic item selection process applied to developing item pools for assessing multiple mental health problems",2015,"Journal of Clinical Epidemiology","68","8",,"913","919",,12,"10.1016/j.jclinepi.2015.03.022","https://www.scopus.com/inward/record.uri?eid=2-s2.0-84933177692&doi=10.1016%2fj.jclinepi.2015.03.022&partnerID=40&md5=0e937031b836126e6471eee34ebe3bfd",Article,"Final","",Scopus,2-s2.0-84933177692
"Crome, E., Grove, R., Baillie, A.J., Sunderland, M., Teesson, M., Slade, T.","36604145600;35093986300;8068153800;56363553500;7004157315;6701447547;","DSM-IV and DSM-5 social anxiety disorder in the Australian community",2015,"Australian and New Zealand Journal of Psychiatry","49","3",,"227","235",,33,"10.1177/0004867414546699","https://www.scopus.com/inward/record.uri?eid=2-s2.0-84923326723&doi=10.1177%2f0004867414546699&partnerID=40&md5=cf2bce34302c0dd7bd492a2f90f3d658",Article,"Final","All Open Access, Hybrid Gold, Green",Scopus,2-s2.0-84923326723
"Mewton, L., Hobbs, M.J., Sunderland, M., Newby, J., Andrews, G.","24462333300;35483913400;56363553500;36904822100;7202160748;","Reductions in the internalising construct following internet-delivered treatment for anxiety and depression in primary care",2014,"Behaviour Research and Therapy","63",,,"132","138",,6,"10.1016/j.brat.2014.10.001","https://www.scopus.com/inward/record.uri?eid=2-s2.0-84910604924&doi=10.1016%2fj.brat.2014.10.001&partnerID=40&md5=d2ea55ce4faeee59dad3f5fbdcb54edf",Article,"Final","",Scopus,2-s2.0-84910604924
"Mcketin, R., Chalmers, J., Sunderland, M., Bright, D.A.","6602587507;30367561900;56363553500;7006280415;","Recreational drug use and binge drinking: Stimulant but not cannabis intoxication is associated with excessive alcohol consumption",2014,"Drug and Alcohol Review","33","4",,"436","445",,18,"10.1111/dar.12147","https://www.scopus.com/inward/record.uri?eid=2-s2.0-84904393077&doi=10.1111%2fdar.12147&partnerID=40&md5=57b50ca65f0014d41a77dfe0de7138ae",Article,"Final","",Scopus,2-s2.0-84904393077
"Sunderland, M., Chalmers, J., Mcketin, R., Bright, D.","56363553500;30367561900;6602587507;7006280415;","Typologies of alcohol consumption on a saturday night among young adults",2014,"Alcoholism: Clinical and Experimental Research","38","6",,"1745","1752",,9,"10.1111/acer.12400","https://www.scopus.com/inward/record.uri?eid=2-s2.0-84901935570&doi=10.1111%2facer.12400&partnerID=40&md5=4bd47991df33999880aaf03f5c724047",Article,"Final","",Scopus,2-s2.0-84901935570
"Mewton, L., Sachdev, P., Anderson, T., Sunderland, M., Andrews, G.","24462333300;7102284091;14017595300;56363553500;7202160748;","Demographic, clinical, and lifestyle correlates of subjective memory complaints in the Australian population",2014,"American Journal of Geriatric Psychiatry","22","11",,"1222","1232",,31,"10.1016/j.jagp.2013.04.004","https://www.scopus.com/inward/record.uri?eid=2-s2.0-84927975074&doi=10.1016%2fj.jagp.2013.04.004&partnerID=40&md5=72bf8d71afb13f4a874be14718d9c419",Article,"Final","",Scopus,2-s2.0-84927975074
"Wong, N., Kady, L., Mewton, L., Sunderland, M., Andrews, G.","55207070300;56270264200;24462333300;56363553500;7202160748;","Preventing anxiety and depression in adolescents: A randomised controlled trial of two school based Internet-delivered cognitive behavioural therapy programmes",2014,"Internet Interventions","1","2",,"90","94",,28,"10.1016/j.invent.2014.05.004","https://www.scopus.com/inward/record.uri?eid=2-s2.0-84904252008&doi=10.1016%2fj.invent.2014.05.004&partnerID=40&md5=44a6bdc2cdc5cd12ac05b20033369066",Article,"Final","All Open Access, Gold",Scopus,2-s2.0-84904252008
"Sunderland, M., Carragher, N., Buchan, H., Batterham, P.J., Slade, T.","56363553500;24467456900;57192363537;8848851000;6701447547;","Comparing profiles of mental disorder across birth cohorts: Results from the 2007 Australian National Survey of Mental Health and Wellbeing",2014,"Australian and New Zealand Journal of Psychiatry","48","5",,"452","463",,8,"10.1177/0004867413512382","https://www.scopus.com/inward/record.uri?eid=2-s2.0-84899859413&doi=10.1177%2f0004867413512382&partnerID=40&md5=67f0800bd5297f4cbc49fda80fa9b40c",Article,"Final","All Open Access, Green",Scopus,2-s2.0-84899859413
"Buchan, H., Sunderland, M., Carragher, N., Batterham, P., Slade, T.","57192363537;56363553500;24467456900;8848851000;6701447547;","Investigating age-related differences in responses to screening items for internalising disorders in three national surveys",2014,"Journal of Affective Disorders","152-154","1",,"229","236",,2,"10.1016/j.jad.2013.09.015","https://www.scopus.com/inward/record.uri?eid=2-s2.0-84889082249&doi=10.1016%2fj.jad.2013.09.015&partnerID=40&md5=214dbad51914e81ef985a80d4792da70",Article,"Final","",Scopus,2-s2.0-84889082249
"Rhebergen, D., Van Der Steenstraten, I.M., Sunderland, M., De Graaf, R., Ten Have, M., Lamers, F., Penninx, B.W.J.H., Andrews, G.","24339498800;6507060171;56363553500;7006177458;6603667511;36497157200;55800249300;7202160748;","An examination of generalized anxiety disorder and dysthymic disorder by latent class analysis",2014,"Psychological Medicine","44","8",,"1701","1712",,9,"10.1017/S0033291713002225","https://www.scopus.com/inward/record.uri?eid=2-s2.0-84889887150&doi=10.1017%2fS0033291713002225&partnerID=40&md5=6bfca4f10a4fdea619ad28c0ad0f8377",Article,"Final","",Scopus,2-s2.0-84889887150
"Sunderland, M., Mahoney, A., Andrews, G.","56363553500;7005550402;7202160748;","Erratum: Investigating the factor structure of the Kessler psychological distress scale in community and clinical samples of the Australian population (Journal of Psychopathology (2012) 34 (253-259) DOI:10.1007/s10862-012-9276-7)",2013,"Journal of Psychopathology and Behavioral Assessment","35","4",,"603","604",,,"10.1007/s10862-013-9390-1","https://www.scopus.com/inward/record.uri?eid=2-s2.0-84888180967&doi=10.1007%2fs10862-013-9390-1&partnerID=40&md5=58b6f640d3422c67357d0292f9551e1d",Erratum,"Final","All Open Access, Bronze",Scopus,2-s2.0-84888180967
"Sunderland, M., Carragher, N., Wong, N., Andrews, G.","56363553500;24467456900;55207070300;7202160748;","Factor mixture analysis of DSM-IV symptoms of major depression in a treatment seeking clinical population",2013,"Comprehensive Psychiatry","54","5",,"474","483",,8,"10.1016/j.comppsych.2012.12.011","https://www.scopus.com/inward/record.uri?eid=2-s2.0-84879112460&doi=10.1016%2fj.comppsych.2012.12.011&partnerID=40&md5=74bf671ad28632d7c7bec75929aaf423",Article,"Final","",Scopus,2-s2.0-84879112460
"Matthew-Simmons, F., Sunderland, M., Ritter, A.","36761337800;56363553500;7102455004;","Exploring the existence of drug policy 'ideologies' in Australia",2013,"Drugs: Education, Prevention and Policy","20","3",,"258","267",,9,"10.3109/09687637.2012.755494","https://www.scopus.com/inward/record.uri?eid=2-s2.0-84877889792&doi=10.3109%2f09687637.2012.755494&partnerID=40&md5=c20797b5c682084f5f031e4162dc8e91",Article,"Final","",Scopus,2-s2.0-84877889792
"Sunderland, M., Newby, J.M., Andrews, G.","56363553500;36904822100;7202160748;","Health anxiety in Australia: Prevalence, comorbidity, disability and service use",2013,"British Journal of Psychiatry","202","1",,"56","61",,114,"10.1192/bjp.bp.111.103960","https://www.scopus.com/inward/record.uri?eid=2-s2.0-84872169605&doi=10.1192%2fbjp.bp.111.103960&partnerID=40&md5=847e61e14d24c4d87169b195725a179c",Article,"Final","All Open Access, Bronze, Green",Scopus,2-s2.0-84872169605
"Sunderland, M., Slade, T., Carragher, N., Batterham, P., Buchan, H.","56363553500;6701447547;24467456900;8848851000;57192363537;","Age-related differences in internalizing psychopathology amongst the australian general population",2013,"Journal of Abnormal Psychology","122","4",,"1010","1020",,6,"10.1037/a0034562","https://www.scopus.com/inward/record.uri?eid=2-s2.0-84890930963&doi=10.1037%2fa0034562&partnerID=40&md5=eb84b045d4a09034943a862a9d9b36f3",Article,"Final","All Open Access, Green",Scopus,2-s2.0-84890930963
"Anderson, T.M., Sunderland, M., Andrews, G., Titov, N., Dear, B.F., Sachdev, P.S.","14017595300;56363553500;7202160748;57208160990;26032030100;7102284091;","The 10-item kessler psychological distress scale (K10) as a screening instrument in older individuals",2013,"American Journal of Geriatric Psychiatry","21","7",,"596","606",,35,"10.1016/j.jagp.2013.01.009","https://www.scopus.com/inward/record.uri?eid=2-s2.0-85027943001&doi=10.1016%2fj.jagp.2013.01.009&partnerID=40&md5=1efb12122177fe7fc3a98c91e3beac80",Article,"Final","",Scopus,2-s2.0-85027943001
"Sunderland, M., Hobbs, M.J., Andrews, G., Craske, M.G.","56363553500;35483913400;7202160748;7005445441;","Assessing DSM-IV symptoms of panic attack in the general population: An item response analysis",2012,"Journal of Affective Disorders","143","1-3",,"187","195",,6,"10.1016/j.jad.2012.06.001","https://www.scopus.com/inward/record.uri?eid=2-s2.0-84869502159&doi=10.1016%2fj.jad.2012.06.001&partnerID=40&md5=0144cede3aacd7478a1aeb054a56b8de",Article,"Final","All Open Access, Green",Scopus,2-s2.0-84869502159
"Sunderland, M., Slade, T., Andrews, G.","56363553500;6701447547;7202160748;","Developing a short-form structured diagnostic interview for common mental disorders using signal detection theory",2012,"International Journal of Methods in Psychiatric Research","21","4",,"247","257",,7,"10.1002/mpr.1373","https://www.scopus.com/inward/record.uri?eid=2-s2.0-84870489125&doi=10.1002%2fmpr.1373&partnerID=40&md5=da087a3b01e8f9bdfce11be0da9c39c9",Article,"Final","All Open Access, Green",Scopus,2-s2.0-84870489125
"Hilvert-Bruce, Z., Rossouw, P.J., Wong, N., Sunderland, M., Andrews, G.","55207378000;55253737500;55207070300;56363553500;7202160748;","Adherence as a determinant of effectiveness of internet cognitive behavioural therapy for anxiety and depressive disorders",2012,"Behaviour Research and Therapy","50","7-8",,"463","468",,93,"10.1016/j.brat.2012.04.001","https://www.scopus.com/inward/record.uri?eid=2-s2.0-84862332394&doi=10.1016%2fj.brat.2012.04.001&partnerID=40&md5=3851dd1b433f5333befd5e7a4ff7a17f",Article,"Final","",Scopus,2-s2.0-84862332394
"Laurens, K.R., Hobbs, M.J., Sunderland, M., Green, M.J., Mould, G.L.","6602372494;35483913400;56363553500;36135532800;35741277800;","Psychotic-like experiences in a community sample of 8000 children aged 9 to 11 years: An item response theory analysis",2012,"Psychological Medicine","42","7",,"1495","1506",,99,"10.1017/S0033291711002108","https://www.scopus.com/inward/record.uri?eid=2-s2.0-84861450931&doi=10.1017%2fS0033291711002108&partnerID=40&md5=588c26549eb347c993baf10d20e84c7e",Article,"Final","All Open Access, Green",Scopus,2-s2.0-84861450931
"Sunderland, M., Wong, N., Hilvert-Bruce, Z., Andrews, G.","56363553500;55207070300;55207378000;7202160748;","Investigating trajectories of change in psychological distress amongst patients with depression and generalised anxiety disorder treated with internet cognitive behavioural therapy",2012,"Behaviour Research and Therapy","50","6",,"374","380",,45,"10.1016/j.brat.2012.03.005","https://www.scopus.com/inward/record.uri?eid=2-s2.0-84860565833&doi=10.1016%2fj.brat.2012.03.005&partnerID=40&md5=502078e67ecaa83b720d9a89acaf067a",Article,"Final","All Open Access, Green",Scopus,2-s2.0-84860565833
"Peters, L., Sunderland, M., Andrews, G., Rapee, R.M., Mattick, R.P.","7202838402;56363553500;7202160748;7007161151;56962788900;","Development of a short form Social Interaction Anxiety (SIAS) and Social Phobia Scale (SPS) using nonparametric item response theory: The SIAS-6 and the SPS-6",2012,"Psychological Assessment","24","1",,"66","76",,100,"10.1037/a0024544","https://www.scopus.com/inward/record.uri?eid=2-s2.0-84863091471&doi=10.1037%2fa0024544&partnerID=40&md5=311d732c497758414291c86661458067",Article,"Final","",Scopus,2-s2.0-84863091471
"Sunderland, M., Hobbs, M.J., Anderson, T.M., Andrews, G.","56363553500;35483913400;14017595300;7202160748;","Psychological distress across the lifespan: Examining age-related item bias in the Kessler 6 Psychological Distress Scale",2012,"International Psychogeriatrics","24","2",,"231","242",,19,"10.1017/S1041610211001852","https://www.scopus.com/inward/record.uri?eid=2-s2.0-84555190941&doi=10.1017%2fS1041610211001852&partnerID=40&md5=a886c73750a1947949030010bf5ad374",Article,"Final","All Open Access, Green",Scopus,2-s2.0-84555190941
"Sunderland, M., Mahoney, A., Andrews, G.","56363553500;7005550402;7202160748;","Investigating the factor structure of the Kessler Psychological Distress Scale in community and clinical samples of the Australian population",2012,"Journal of Psychopathology and Behavioral Assessment","34","2",,"253","259",,27,"10.1007/s10862-012-9276-7","https://www.scopus.com/inward/record.uri?eid=2-s2.0-84863982077&doi=10.1007%2fs10862-012-9276-7&partnerID=40&md5=b1aa4b05fea4303d9918a20e62d2038a",Article,"Final","",Scopus,2-s2.0-84863982077
"Sunderland, M., Slade, T., Stewart, G., Andrews, G.","56363553500;6701447547;57213363103;7202160748;","Estimating the prevalence of DSM-IV mental illness in the Australian general population using the Kessler Psychological Distress Scale",2011,"Australian and New Zealand Journal of Psychiatry","45","10",,"880","889",,25,"10.3109/00048674.2011.606785","https://www.scopus.com/inward/record.uri?eid=2-s2.0-80053955458&doi=10.3109%2f00048674.2011.606785&partnerID=40&md5=1f50e5006d66dac76eea7a44229c489c",Article,"Final","All Open Access, Green",Scopus,2-s2.0-80053955458
"Dear, B.F., Titov, N., Sunderland, M., McMillan, D., Anderson, T., Lorian, C., Robinson, E.","26032030100;57208160990;56363553500;7201699631;14017595300;36489878600;57197538363;","Psychometric comparison of the Generalized Anxiety Disorder Scale-7 and the Penn State Worry Questionnaire for measuring response during treatment of Generalised Anxiety Disorder",2011,"Cognitive Behaviour Therapy","40","3",,"216","227",,129,"10.1080/16506073.2011.582138","https://www.scopus.com/inward/record.uri?eid=2-s2.0-80052239417&doi=10.1080%2f16506073.2011.582138&partnerID=40&md5=980c817c91b2f2193a089e363e2efde6",Article,"Final","",Scopus,2-s2.0-80052239417
"Sunderland, M., Andrews, G., Slade, T., Peters, L.","56363553500;7202160748;6701447547;7202838402;","Measuring the level of diagnostic concordance and discordance between modules of the CIDI-Short Form and the CIDI-Auto 2.1",2011,"Social Psychiatry and Psychiatric Epidemiology","46","8",,"775","785",,9,"10.1007/s00127-010-0247-6","https://www.scopus.com/inward/record.uri?eid=2-s2.0-80051800933&doi=10.1007%2fs00127-010-0247-6&partnerID=40&md5=dcd1745944b0ca3741bec5f65734dbc0",Article,"Final","All Open Access, Green",Scopus,2-s2.0-80051800933
"Titov, N., Dear, B.F., McMillan, D., Anderson, T., Zou, J., Sunderland, M.","57208160990;26032030100;7201699631;14017595300;42263359300;56363553500;","Psychometric comparison of the PHQ-9 and BDI-II for measuring response during treatment of depression",2011,"Cognitive Behaviour Therapy","40","2",,"126","136",,147,"10.1080/16506073.2010.550059","https://www.scopus.com/inward/record.uri?eid=2-s2.0-79960052128&doi=10.1080%2f16506073.2010.550059&partnerID=40&md5=8f6b3ef1753775e5cd591b7a9a2e50ca",Article,"Final","",Scopus,2-s2.0-79960052128
"Sunderland, M., Mewton, L., Slade, T., Baillie, A.J.","56363553500;24462333300;6701447547;8068153800;","Investigating differential symptom profiles in major depressive episode with and without generalized anxiety disorder: True co-morbidity or symptom similarity?",2010,"Psychological Medicine","40","7",,"1113","1123",,23,"10.1017/S0033291709991590","https://www.scopus.com/inward/record.uri?eid=2-s2.0-77956625523&doi=10.1017%2fS0033291709991590&partnerID=40&md5=8ff98f19f2f9355820873288b0d36a2b",Article,"Final","All Open Access, Green",Scopus,2-s2.0-77956625523
"Andrews, G., Sunderland, M., Kemp, A.","7202160748;56363553500;35748811900;","Erratum: The consistency of diagnostic thresholds in DSM-V (Australian and New Zealand Journal of Psychiatry (2010) 44: 4 (309-313) DOI: 10.3109/00048670903487241)",2010,"Australian and New Zealand Journal of Psychiatry","44","6",,"583","",,,"10.1080/00048674.2010.488931","https://www.scopus.com/inward/record.uri?eid=2-s2.0-77952852083&doi=10.1080%2f00048674.2010.488931&partnerID=40&md5=ea7424d30446e4e90d98cee84e7935b2",Erratum,"Final","All Open Access, Bronze",Scopus,2-s2.0-77952852083
"Slade, T., Sunderland, M.","6701447547;56363553500;","Quantifying point prevalence of major depressive episode using lifetime structured diagnostic interviews",2010,"Journal of Affective Disorders","121","1-2",,"39","44",,2,"10.1016/j.jad.2009.05.011","https://www.scopus.com/inward/record.uri?eid=2-s2.0-72449135227&doi=10.1016%2fj.jad.2009.05.011&partnerID=40&md5=495736c69d217260a2fa0e8c4f4c987c",Article,"Final","",Scopus,2-s2.0-72449135227
"Andrews, G., Sunderland, M., Kemp, A.","7202160748;56363553500;35748811900;","Consistency of diagnostic thresholds in DSM-V",2010,"Australian and New Zealand Journal of Psychiatry","44","4",,"309","313",,7,"10.3109/00048670903487241","https://www.scopus.com/inward/record.uri?eid=2-s2.0-77949891108&doi=10.3109%2f00048670903487241&partnerID=40&md5=d9cc7f871f74280d32d106e2c1bf895f",Article,"Final","",Scopus,2-s2.0-77949891108
"Andrews, G., Kemp, A., Sunderland, M., von Korff, M., Ustun, T.B.","7202160748;35748811900;56363553500;35378626600;57194224432;","Normative data for the 12 item WHO disability assessment schedule 2.0",2009,"PLoS ONE","4","12", e8343,"","",,223,"10.1371/journal.pone.0008343","https://www.scopus.com/inward/record.uri?eid=2-s2.0-77954037552&doi=10.1371%2fjournal.pone.0008343&partnerID=40&md5=e678a2b9535d952a22a15c234089b9d1",Article,"Final","All Open Access, Gold, Green",Scopus,2-s2.0-77954037552
"Andrews, G., Pine, D.S., Hobbs, M.J., Anderson, T.M., Sunderland, M.","7202160748;7102750324;35483913400;14017595300;56363553500;","Neurodevelopmental disorders: Cluster 2 of the proposed meta-structure for DSM-V and ICD-11",2009,"Psychological Medicine","39","12",,"2013","2023",,55,"10.1017/S0033291709990274","https://www.scopus.com/inward/record.uri?eid=2-s2.0-70449672844&doi=10.1017%2fS0033291709990274&partnerID=40&md5=48adad787a70de81ea8bb3d2914ca0ef",Review,"Final","All Open Access, Green",Scopus,2-s2.0-70449672844
"Sachdev, P., Andrews, G., Hobbs, M.J., Sunderland, M., Anderson, T.M.","7102284091;7202160748;35483913400;56363553500;14017595300;","Neurocognitive disorders: Cluster 1 of the proposed meta-structure for DSM-V and ICD-11",2009,"Psychological Medicine","39","12",,"2001","2012",,28,"10.1017/S0033291709990262","https://www.scopus.com/inward/record.uri?eid=2-s2.0-70449644720&doi=10.1017%2fS0033291709990262&partnerID=40&md5=b6c734de9835480ddc2682370486a966",Review,"Final","",Scopus,2-s2.0-70449644720
"Andrews, G., Sunderland, M.","7202160748;56363553500;","Telephone case management reduces both distress and psychiatric hospitalization",2009,"Australian and New Zealand Journal of Psychiatry","43","9",,"809","811",,5,"10.1080/00048670903107617","https://www.scopus.com/inward/record.uri?eid=2-s2.0-69449097649&doi=10.1080%2f00048670903107617&partnerID=40&md5=395e5b1a5adfb5c5a94f45a7fd4b326c",Article,"Final","",Scopus,2-s2.0-69449097649
"Sunderland, M., Slade, T., Anderson, T.M., Peters, L.","56363553500;6701447547;14017595300;7202838402;","Impact of substance-induced and general medical condition exclusion criteria on the prevalence of common mental disorders as defined by the CIDI",2008,"Australian and New Zealand Journal of Psychiatry","42","10",,"898","904",,6,"10.1080/00048670802345508","https://www.scopus.com/inward/record.uri?eid=2-s2.0-51649109445&doi=10.1080%2f00048670802345508&partnerID=40&md5=72cda5a41b65bc76cfe75bc72b393f97",Article,"Final","All Open Access, Green",Scopus,2-s2.0-51649109445
"Andrews, G., Anderson, T.M., Slade, T., Sunderland, M.","7202160748;14017595300;6701447547;56363553500;","Classification of anxiety and depressive disorders: Problems and solutions",2008,"Depression and Anxiety","25","4",,"274","281",,67,"10.1002/da.20489","https://www.scopus.com/inward/record.uri?eid=2-s2.0-42949110999&doi=10.1002%2fda.20489&partnerID=40&md5=fb1b947570577db5c3ae4dbc46bc927a",Conference Paper,"Final","",Scopus,2-s2.0-42949110999
"Andrews, G., Slade, T., Sunderland, M., Anderson, T.","7202160748;6701447547;56363553500;14017595300;","Issues for DSM-V: Simplifying DSM-IV to enhance utility: The case of major depressive disorder",2007,"American Journal of Psychiatry","164","12",,"1784","1785",,24,"10.1176/appi.ajp.2007.07060928","https://www.scopus.com/inward/record.uri?eid=2-s2.0-38449112193&doi=10.1176%2fappi.ajp.2007.07060928&partnerID=40&md5=474c6176de7f235668c22dd4761561e4",Editorial,"Final","",Scopus,2-s2.0-38449112193
